GapChangeBin,State,Year,Black Avg,RefLineBlack,RefLineWhite,White Avg
Gap Narrowed,Oklahoma,1990,235.98037233,237,270,268.242264481
Gap Narrowed,Oklahoma,2015,259.947025572,260,292,280.864120673
Gap Narrowed,West Virginia,1990,233.54427712,237,270,256.389921187
Gap Narrowed,West Virginia,2015,256.070484026,260,292,272.322045565
Gap Widened,Kentucky,1990,240.300755478,237,270,258.678965167
Gap Widened,Kentucky,2015,257.483555252,260,292,280.705657994
