Country,% of Total Coal Co2,Coal Co2
,,"471,027.646"
Africa,3.381763923%,"15,929.043"
Asia,53.056751365%,"249,911.967"
Europe,22.850413328%,"107,631.764"
North America,18.351662739%,"86,441.405"
Oceania,1.627973234%,"7,668.204"
South America,0.731435411%,"3,445.263"
