Country,% of Total Gas Co2,Gas Co2
,,"213,047.498"
Africa,2.776115681%,"5,914.445"
Antarctica,0%,0
Asia,26.192810769%,"55,803.128"
Europe,35.263346768%,"75,127.678"
North America,31.226597179%,"66,527.484"
Oceania,1.122425761%,"2,391.3"
South America,3.418703842%,"7,283.463"
