Country,% of Total Flaring Co2,Flaring Co2
Asia,35.277797350%,"4,851.499"
North America,18.093488982%,"2,488.266"
Europe,17.160385051%,"2,359.943"
Africa,17.071505198%,"2,347.72"
South America,10.093436918%,"1,388.077"
Oceania,2.303386502%,316.768
Antarctica,0%,0
,,"13,752.273"
