Country,% of Total Oil Co2,Oil Co2
,,"427,299.043"
Africa,3.515275367%,"15,020.738"
Antarctica,3.674241789e-05%,0.157
Asia,32.889798445%,"140,537.794"
Europe,26.399981429%,"112,806.868"
North America,30.641754328%,"130,931.923"
Oceania,1.355309846%,"5,791.226"
South America,5.197843844%,"22,210.337"
