Year of Year,Change in Fall Comm Coll Enrollments,Change in UE Rate vs Prior May
1985,,
1985,,-0.002
1986,,0.0
1986,0.02,
1987,,-0.009
1987,0.02,
1988,,-0.007
1988,0.02,
1989,,-0.004
1989,0.06,
1990,,0.002
1990,0.02,
1991,,0.015
1991,0.09,
1992,,0.007
1992,0.020121028,
1993,,-0.005
1993,-0.021667031,
1994,,-0.01
1994,-0.00375871,
