Year of Year,Change in Fall Comm Coll Enrollments,Change in UE Rate vs Prior May
1991,,
1991,,0.008
1992,,0.013
1992,0.040537833,
1993,,-0.001
1993,-0.004706688,
1994,,-0.017
1994,-0.038132496,
1995,,-0.007
1995,-0.042057746,
1996,,0.008
1996,-0.001982924,
1997,,0.0
1997,0.003997102,
1998,,0.0
1998,0.017880425,
1999,,-0.001
1999,0.031084172,
2000,,-0.005
2000,0.022626944,
